{
    "title": "Joel Brenstrum",
    "header": "CV",
    "name": "joelbrenstrum",
    "bodyElements":  [{
            "id":"",
            "subfile":"html/cv.html",
            "heading" :"CV",
            "content": "Lorem ipsum dolor sit amet, consectetur adipiscing elit. Ut et tellus porttitor, dignissim ante a, viverra leo. Donec id metus id dui molestie volutpat vel vitae ante. Fusce sed felis sed tortor porttitor tincidunt. Vivamus tempor convallis fringilla. Cras et libero risus. Sed non feugiat nunc. Integer interdum placerat augue, id fringilla risus congue id. Donec sodales sit amet diam sed dapibus. Cum sociis natoque penatibus et magnis dis parturient montes, nascetur ridiculus mus. Nullam gravida porta velit sit amet pretium. Nullam id enim at ipsum venenatis porttitor vel in ante. Nam feugiat neque quis purus consequat facilisis. Sed lacinia ut tortor ut aliquam."
        }]
}