{
    "header": "Projects",
    "bodyElements":  [{
            "id":"header1",
            "subfile":"html/projects/project1.html",
            "heading" :"project1.html header",
            "content": "Project Content"
        },
        {
            "id":"header1",
            "subfile":"",
            "heading":"Project header2",
            "content": "Project Content2"
        },
        {
            "id":"header1",
            "subfile":"",
            "heading":"Project header3",
            "content": "Project Content3"
        },
        {
            "id":"header1",
            "subfile":"",
            "heading":"Project header4",
            "content": "Project Content3"
        }]
}
