{
    "title": "Joel Brenstrum",
    "menuElements":  [{
            "isLink":false,
            "selected":true,
            "title":"Home",
            "url": "viewsEnum.index"
        },
        {
            "isLink":false,
            "title":"Projects",
            "url": "viewsEnum.projects"
        },
        {
            "isLink":false,
            "title":"Contact",
            "url": "viewsEnum.contact"
        },
        {
            "isLink":false,
            "title":"CV",
            "url": "viewsEnum.cv"
        },
        {
            "isLink":true,
            "title":"Google",
            "url": "http://www.google.com"
        }]
}
